City_ID,City,Country,Date,Lat,Lng,Max Temp,Humidity,Cloudiness,Wind Speed
0,New Norfolk,AU,2022-04-03 17:47:35,-42.7826,147.0587,56.7,88,98,1.16
1,Georgetown,MY,2022-04-03 17:48:38,5.4112,100.3354,78.73,93,20,3.44
2,Honiara,SB,2022-04-03 17:50:44,-9.4333,159.95,78.1,88,92,3.49
3,Atuona,PF,2022-04-03 17:53:15,-9.8,-139.0333,79.54,70,91,21.52
4,Bengkulu,ID,2022-04-03 17:48:31,-3.8004,102.2655,76.96,83,71,4.21
5,Hilo,US,2022-04-03 17:53:15,19.7297,-155.09,73.26,98,85,4.41
6,Mataura,NZ,2022-04-03 17:53:16,-46.1927,168.8643,44.91,97,75,2.3
7,Hofn,IS,2022-04-03 17:53:16,64.2539,-15.2082,39.38,87,100,13.8
8,Tucupita,VE,2022-04-03 17:53:16,9.0622,-62.051,89.6,46,92,5.91
9,San Lorenzo,PY,2022-04-03 17:53:17,-25.3333,-57.5333,85.59,62,75,13.0
10,Busselton,AU,2022-04-03 17:52:44,-33.65,115.3333,63.0,83,56,16.06
11,Butaritari,KI,2022-04-03 17:53:17,3.0707,172.7902,81.27,74,53,13.82
12,Ushuaia,AR,2022-04-03 17:51:12,-54.8,-68.3,42.46,75,40,25.32
13,Tshikapa,CD,2022-04-03 17:53:18,-6.4167,20.8,75.07,85,58,3.06
14,Port Alfred,ZA,2022-04-03 17:48:02,-33.5906,26.891,72.18,88,52,21.03
15,Lompoc,US,2022-04-03 17:53:19,34.6391,-120.4579,60.57,85,100,4.61
16,Punta Arenas,CL,2022-04-03 17:49:40,-53.15,-70.9167,41.11,81,20,28.77
17,Bensonville,LR,2022-04-03 17:53:19,6.4461,-10.6125,87.35,76,84,7.94
18,Fairbanks,US,2022-04-03 17:52:39,64.8378,-147.7164,15.1,76,0,0.0
19,Thompson,CA,2022-04-03 17:53:20,55.7435,-97.8558,33.96,51,100,10.36
20,Cape Town,ZA,2022-04-03 17:52:33,-33.9258,18.4232,66.9,78,20,12.66
21,Chokurdakh,RU,2022-04-03 17:53:20,70.6333,147.9167,-21.01,100,67,2.8
22,Rikitea,PF,2022-04-03 17:52:43,-23.1203,-134.9692,76.62,65,52,9.1
23,Pemberton,CA,2022-04-03 17:52:47,50.3164,-122.8027,40.69,92,98,8.03
24,Suntar,RU,2022-04-03 17:53:21,62.1444,117.6319,4.73,97,93,4.5
25,Grindavik,IS,2022-04-03 17:53:21,63.8424,-22.4338,42.75,93,75,19.57
26,Porgera,PG,2022-04-03 17:53:22,-5.4667,143.2,41.95,98,99,1.99
27,Carnarvon,AU,2022-04-03 17:53:22,-24.8667,113.6333,77.07,83,40,12.66
28,Namatanai,PG,2022-04-03 17:53:23,-3.6667,152.4333,78.4,85,100,1.59
29,Khatanga,RU,2022-04-03 17:47:54,71.9667,102.5,-27.56,100,99,4.38
30,Hobart,AU,2022-04-03 17:48:28,-42.8794,147.3294,57.06,92,100,6.91
31,Bethel,US,2022-04-03 17:53:23,41.3712,-73.414,43.16,88,99,5.06
32,Comodoro Rivadavia,AR,2022-04-03 17:53:24,-45.8667,-67.5,64.26,24,0,23.02
33,Husavik,IS,2022-04-03 17:53:24,66.0449,-17.3389,30.67,96,100,13.27
34,Dabakala,CI,2022-04-03 17:53:25,8.3667,-4.4333,88.77,48,100,3.06
35,Port Elizabeth,ZA,2022-04-03 17:52:34,-33.918,25.5701,66.09,95,20,5.75
36,Kondinskoye,RU,2022-04-03 17:53:25,59.6481,67.41,33.93,98,100,17.13
37,Klaksvik,FO,2022-04-03 17:53:26,62.2266,-6.589,47.32,98,100,16.17
38,Yellowknife,CA,2022-04-03 17:53:27,62.456,-114.3525,14.41,73,20,13.8
39,Kapit,MY,2022-04-03 17:53:27,2.0167,112.9333,72.77,99,96,0.49
40,Pochutla,MX,2022-04-03 17:53:27,15.7432,-96.4661,87.82,32,4,8.14
41,Te Anau,NZ,2022-04-03 17:53:28,-45.4167,167.7167,45.45,81,48,0.92
42,Bluff,NZ,2022-04-03 17:53:28,-46.6,168.3333,57.07,72,76,13.94
43,Mao,ES,2022-04-03 17:52:36,39.8885,4.2658,48.76,57,20,18.41
44,Albany,US,2022-04-03 17:51:12,42.6001,-73.9662,44.31,78,100,3.44
45,Hithadhoo,MV,2022-04-03 17:53:30,-0.6,73.0833,83.53,69,37,5.44
46,Saint Anthony,US,2022-04-03 17:50:48,45.0205,-93.218,43.93,54,0,11.5
47,Zboriv,UA,2022-04-03 17:54:31,49.6648,25.141,29.95,85,100,12.57
48,Airai,TL,2022-04-03 17:54:31,-8.9266,125.4092,57.22,80,65,1.43
49,Bredasdorp,ZA,2022-04-03 17:52:32,-34.5322,20.0403,62.17,88,50,4.56
50,Mahebourg,MU,2022-04-03 17:54:32,-20.4081,57.7,79.09,78,75,10.36
51,Kyshtovka,RU,2022-04-03 17:54:32,56.555,76.6271,33.12,99,100,8.32
52,Tilichiki,RU,2022-04-03 17:54:32,60.4667,166.1,5.56,91,98,7.2
53,Bridlington,GB,2022-04-03 17:54:33,54.0831,-0.1919,48.88,67,99,13.0
54,Ribeira Grande,PT,2022-04-03 17:54:33,38.5167,-28.7,63.0,77,40,12.66
55,Derzhavinsk,KZ,2022-04-03 17:51:24,51.1,66.3167,39.29,83,100,12.46
56,Leningradskiy,RU,2022-04-03 17:54:34,69.3833,178.4167,-23.06,100,98,3.22
57,Lebu,CL,2022-04-03 17:54:34,-37.6167,-73.65,57.02,61,5,14.72
58,La Primavera,CO,2022-04-03 17:54:37,5.4906,-70.4092,88.83,51,88,4.0
59,La Ronge,CA,2022-04-03 17:54:37,55.1001,-105.2842,37.65,52,20,4.61
60,Burnie,AU,2022-04-03 17:54:38,-41.0667,145.9167,59.11,73,82,3.36
61,Vadso,NO,2022-04-03 17:51:31,70.0744,29.7487,25.68,93,100,20.71
62,Rocha,UY,2022-04-03 17:54:38,-34.4833,-54.3333,76.89,57,100,11.63
63,Soe,ID,2022-04-03 17:54:41,-9.8607,124.284,64.0,91,68,3.33
64,Fuling,CN,2022-04-03 17:54:41,29.7022,107.3919,63.39,66,100,3.24
65,Kodiak,US,2022-04-03 17:54:41,57.79,-152.4072,33.21,95,95,6.08
66,Kapaa,US,2022-04-03 17:54:42,22.0752,-159.319,75.18,86,62,3.0
67,Broome,US,2022-04-03 17:54:43,42.2506,-75.833,41.67,82,100,3.0
68,Avarua,CK,2022-04-03 17:52:30,-21.2078,-159.775,73.45,100,100,1.14
69,Nikolskoye,RU,2022-04-03 17:54:45,59.7035,30.7861,30.09,96,52,2.59
70,Basco,PH,2022-04-03 17:52:58,20.4487,121.9702,74.53,79,100,32.68
71,Chapais,CA,2022-04-03 17:54:46,49.7834,-74.8492,38.98,83,100,4.76
72,Bajil,YE,2022-04-03 17:54:46,15.0584,43.2851,87.76,39,7,0.6
73,Puerto Ayora,EC,2022-04-03 17:49:39,-0.7393,-90.3518,85.96,76,89,10.16
74,Jamestown,US,2022-04-03 17:50:40,42.097,-79.2353,33.53,74,100,11.5
75,Troitsko-Pechorsk,RU,2022-04-03 17:54:47,62.7084,56.1964,24.58,95,100,11.5
76,Hailar,CN,2022-04-03 17:54:51,49.2,119.7,35.58,41,95,11.9
77,Filadelfia,US,2022-04-03 17:50:15,39.9523,-75.1638,56.17,68,75,6.91
78,Luena,AO,2022-04-03 17:54:52,-11.7833,19.9167,64.38,95,98,4.97
79,Evensk,RU,2022-04-03 17:54:53,61.95,159.2333,4.21,86,54,5.84
80,Tecoanapa,MX,2022-04-03 17:54:53,16.5167,-98.75,82.81,56,4,9.8
81,Hermanus,ZA,2022-04-03 17:54:54,-34.4187,19.2345,64.8,78,25,8.95
82,Arman,RU,2022-04-03 17:54:54,59.7,150.1667,4.64,91,40,6.8
83,Shelburne,CA,2022-04-03 17:51:57,44.0787,-80.2041,38.12,84,100,12.39
84,Wasilla,US,2022-04-03 17:54:55,61.5814,-149.4394,34.52,64,0,4.61
85,Loandjili,CG,2022-04-03 17:54:58,-4.7561,11.8578,78.98,89,81,7.67
86,Orizona,BR,2022-04-03 17:54:59,-17.0314,-48.2958,85.51,39,0,8.5
87,Nanortalik,GL,2022-04-03 17:54:59,60.1432,-45.2371,37.63,81,93,5.03
88,Coolum Beach,AU,2022-04-03 17:56:00,-26.5333,153.1,69.08,95,8,1.45
89,Saint George,US,2022-04-03 17:56:00,37.1041,-113.5841,71.64,23,75,5.75
90,Kirkuk,IQ,2022-04-03 17:54:22,35.4681,44.3922,72.14,23,90,2.93
91,Tuatapere,NZ,2022-04-03 17:56:00,-46.1333,167.6833,46.71,93,73,2.82
92,Zhengjiatun,CN,2022-04-03 17:56:01,43.5064,123.5064,47.68,43,0,24.83
93,Mar Del Plata,AR,2022-04-03 17:56:02,-38.0023,-57.5575,75.22,62,20,20.0
94,Barrow,US,2022-04-03 17:56:02,71.2906,-156.7887,-13.81,98,72,12.62
95,Salalah,OM,2022-04-03 17:56:03,17.0151,54.0924,79.38,67,1,1.52
96,Tuktoyaktuk,CA,2022-04-03 17:56:03,69.4541,-133.0374,-25.6,68,20,2.3
97,Alice Springs,AU,2022-04-03 17:56:04,-23.7,133.8833,53.15,50,0,0.0
98,Narsaq,GL,2022-04-03 17:56:04,60.9167,-46.05,42.66,68,100,4.36
99,Halifax,CA,2022-04-03 17:55:01,44.6453,-63.5724,51.69,46,59,4.61
100,Labuhan,ID,2022-04-03 17:56:05,-6.8844,112.2051,76.68,90,100,11.54
101,Upernavik,GL,2022-04-03 17:56:05,72.7868,-56.1549,20.98,82,76,3.69
102,Vaini,TO,2022-04-03 17:56:06,-21.2,-175.2,71.76,100,40,0.0
103,Qaanaaq,GL,2022-04-03 17:56:06,77.484,-69.3632,15.21,76,96,5.97
104,Neiafu,TO,2022-04-03 17:56:07,-18.65,-173.9833,75.88,94,20,2.3
105,Rawson,AR,2022-04-03 17:56:07,-43.3002,-65.1023,62.02,27,75,19.15
106,Bolobo,CD,2022-04-03 17:56:07,-2.1667,16.2333,77.41,73,93,2.75
107,Carutapera,BR,2022-04-03 17:56:08,-1.195,-46.02,84.02,73,45,9.46
108,Yuncheng,CN,2022-04-03 17:56:08,35.0231,110.9928,56.07,65,90,6.15
109,Nalut,LY,2022-04-03 17:56:09,30.3333,10.85,76.82,9,0,3.24
110,Fujin,CN,2022-04-03 17:56:09,47.26,132.0322,46.89,47,0,14.65
111,Wanning,CN,2022-04-03 17:56:10,18.8003,110.3967,66.99,78,100,10.11
112,Kavieng,PG,2022-04-03 17:56:10,-2.5744,150.7967,81.18,77,97,4.65
113,Vestmannaeyjar,IS,2022-04-03 17:56:11,63.4427,-20.2734,43.79,93,75,19.57
114,Pingyin,CN,2022-04-03 17:56:11,36.2831,116.4453,48.38,64,2,10.25
115,Irmo,US,2022-04-03 17:56:12,34.086,-81.1832,73.26,31,0,12.24
116,Balkanabat,TM,2022-04-03 17:56:12,39.5108,54.3671,77.23,17,0,1.77
117,Rio Grande,BR,2022-04-03 17:56:13,-32.035,-52.0986,69.91,89,100,19.15
118,Dalbandin,PK,2022-04-03 17:56:13,28.8947,64.4101,77.34,8,25,5.68
119,Pangnirtung,CA,2022-04-03 17:56:13,66.1451,-65.7125,23.0,80,100,5.75
120,Niimi,JP,2022-04-03 17:56:14,34.9833,133.4667,47.53,95,62,3.89
121,Nome,US,2022-04-03 17:55:41,64.5011,-165.4064,9.1,56,62,5.5
122,Aswan,EG,2022-04-03 17:56:14,24.0934,32.907,97.9,13,97,5.75
123,Candabong,PH,2022-04-03 17:56:15,9.7343,124.5383,77.02,88,84,5.19
124,Coihaique,CL,2022-04-03 17:56:15,-45.5752,-72.0662,48.15,71,75,3.44
125,Dharchula,IN,2022-04-03 17:56:16,29.85,80.5333,62.15,26,4,8.68
126,Byron Bay,AU,2022-04-03 17:56:16,-28.65,153.6167,64.71,93,50,8.05
127,Port Blair,IN,2022-04-03 17:52:06,11.6667,92.75,82.44,78,20,5.75
128,Belaya Gora,RU,2022-04-03 17:56:16,68.5333,146.4167,-21.71,100,76,1.3
129,Buala,SB,2022-04-03 17:56:17,-8.145,159.5921,77.41,84,87,4.21
130,Guerrero Negro,MX,2022-04-03 17:52:38,27.9769,-114.0611,64.26,57,78,13.47
131,Vila Franca Do Campo,PT,2022-04-03 17:56:18,37.7167,-25.4333,63.01,72,12,16.98
132,Bela,IN,2022-04-03 17:56:18,25.9333,81.9833,84.33,8,1,1.36
133,Bjornevatn,NO,2022-04-03 17:57:19,69.6672,29.9847,25.14,93,75,4.61
134,Ancud,CL,2022-04-03 17:57:19,-41.8697,-73.8203,52.23,62,65,10.33
135,Beringovskiy,RU,2022-04-03 17:57:20,63.05,179.3167,-9.6,93,85,13.85
136,Kailua,US,2022-04-03 17:57:20,21.4022,-157.7394,77.65,67,99,7.0
137,Saint-Philippe,RE,2022-04-03 17:52:31,-21.3585,55.7679,74.79,91,99,15.73
138,Penha,BR,2022-04-03 17:57:22,-26.7694,-48.6458,75.07,78,75,4.61
139,Iqaluit,CA,2022-04-03 17:52:42,63.7506,-68.5145,26.33,86,75,23.02
140,Vila Velha,BR,2022-04-03 17:57:22,-20.3297,-40.2925,87.75,75,40,10.36
141,Vanavara,RU,2022-04-03 17:57:23,60.34,102.2797,1.71,97,57,3.91
142,Sitka,US,2022-04-03 17:56:22,57.0531,-135.33,37.9,98,100,15.59
143,Oros,BR,2022-04-03 17:57:24,-6.2444,-38.9136,94.32,34,28,7.74
144,Lakes Entrance,AU,2022-04-03 17:56:34,-37.8811,147.981,58.15,93,100,22.46
145,Faanui,PF,2022-04-03 17:57:24,-16.4833,-151.75,81.32,77,23,9.51
146,Yichun,CN,2022-04-03 17:57:25,47.7,128.9,40.23,61,4,9.98
147,Mangan,IN,2022-04-03 17:57:25,27.5167,88.5333,70.59,83,100,1.48
148,Nabire,ID,2022-04-03 17:57:25,-3.3667,135.4833,75.42,87,72,2.93
149,Provideniya,RU,2022-04-03 17:57:26,64.3833,-173.3,-0.22,79,0,8.55
150,Saquarema,BR,2022-04-03 17:57:26,-22.92,-42.5103,84.34,86,39,8.68
151,Castro,BR,2022-04-03 17:57:27,-24.7911,-50.0119,73.06,70,93,6.17
152,Severo-Kurilsk,RU,2022-04-03 17:57:27,50.6789,156.125,29.66,86,23,12.26
153,Bonavista,CA,2022-04-03 17:57:27,48.6499,-53.1147,37.42,81,99,15.17
154,Ouadda,CF,2022-04-03 17:57:28,8.0777,22.4007,75.49,65,100,3.58
155,Ponta Do Sol,PT,2022-04-03 17:57:28,32.6667,-17.1,61.72,81,100,14.79
156,Hasaki,JP,2022-04-03 17:57:28,35.7333,140.8333,48.6,69,100,19.77
157,Mucurici,BR,2022-04-03 17:57:29,-18.0933,-40.5158,88.7,40,30,8.63
158,Saint-Pierre,RE,2022-04-03 17:57:29,-21.3393,55.4781,74.88,88,100,3.44
159,Isangel,VU,2022-04-03 17:57:30,-19.55,169.2667,79.63,85,100,7.2
160,Codrington,AU,2022-04-03 17:57:30,-38.2667,141.9667,58.41,87,95,5.55
161,Padang,ID,2022-04-03 17:57:30,-0.9492,100.3543,76.64,86,46,3.78
162,Vanimo,PG,2022-04-03 17:57:30,-2.6741,141.3028,78.04,87,99,2.86
163,San Vicente,AR,2022-04-03 17:57:31,-26.6167,-54.1333,82.72,48,83,6.55
164,Ovalle,CL,2022-04-03 17:57:32,-30.5983,-71.2003,80.56,31,2,6.02
165,Tasiilaq,GL,2022-04-03 17:57:32,65.6145,-37.6368,25.43,88,100,4.03
166,Kingsland,US,2022-04-03 17:57:32,30.8,-81.6898,76.98,43,0,6.42
167,Magrath,CA,2022-04-03 17:57:33,49.4167,-112.8686,44.92,56,60,9.22
168,Talara,PE,2022-04-03 17:57:33,-4.5772,-81.2719,88.56,48,0,18.41
169,Mogadouro,PT,2022-04-03 17:57:34,41.3403,-6.7119,44.94,35,81,13.89
170,Auki,SB,2022-04-03 17:57:34,-8.7676,160.7034,77.22,87,90,6.51
171,Mont-Dore,NC,2022-04-03 17:57:34,-22.2833,166.5833,82.0,99,99,9.37
172,Dikson,RU,2022-04-03 17:57:35,73.5069,80.5464,-2.4,99,85,9.4
173,Pulaski,US,2022-04-03 17:57:36,34.7668,-92.3001,72.32,40,1,8.99
174,East London,ZA,2022-04-03 17:52:45,-33.0153,27.9116,72.54,94,20,11.5
175,Panacan,PH,2022-04-03 17:57:36,9.2463,118.4082,79.43,83,100,8.7
176,Floriano,BR,2022-04-03 17:57:36,-6.7669,-43.0225,92.37,42,68,4.7
177,Chuy,UY,2022-04-03 17:57:37,-33.6971,-53.4616,71.31,69,100,9.71
178,Acapulco,MX,2022-04-03 17:56:35,16.8634,-99.8901,84.38,51,9,8.84
179,Mount Isa,AU,2022-04-03 17:57:37,-20.7333,139.5,73.17,28,11,6.91
180,Langsa,ID,2022-04-03 17:57:37,4.4683,97.9683,73.6,96,100,3.4
181,Orocue,CO,2022-04-03 17:58:38,4.7912,-71.3354,87.71,55,91,6.67
182,Coquimbo,CL,2022-04-03 17:58:38,-29.9533,-71.3436,64.13,72,0,13.8
183,Bandarbeyla,SO,2022-04-03 17:58:39,9.4942,50.8122,79.88,74,50,7.94
184,Fort Frances,CA,2022-04-03 17:58:39,48.5999,-93.4003,38.16,67,95,1.99
185,Challans,FR,2022-04-03 17:58:40,46.8436,-1.8749,46.6,61,80,8.41
186,Ponta Delgada,PT,2022-04-03 17:58:40,37.7333,-25.6667,63.32,67,20,14.97
187,Lavrentiya,RU,2022-04-03 17:58:41,65.5833,-171.0,-12.23,92,33,10.33
188,Tiksi,RU,2022-04-03 17:58:41,71.6872,128.8694,5.07,97,100,7.99
189,Greymouth,NZ,2022-04-03 17:58:41,-42.4667,171.2,50.67,90,30,5.03
190,Yoichi,JP,2022-04-03 17:58:42,43.2039,140.7703,36.23,72,1,9.1
191,Hambantota,LK,2022-04-03 17:58:42,6.1241,81.1185,80.02,79,20,3.0
192,Spearfish,US,2022-04-03 17:58:43,44.4908,-103.8594,51.89,40,75,26.46
193,Petropavlovsk-Kamchatskiy,RU,2022-04-03 17:58:43,53.0452,158.6483,25.39,59,75,11.18
194,Westport,US,2022-04-03 17:58:44,41.1415,-73.3579,44.56,92,97,1.99
195,Pisco,PE,2022-04-03 17:53:49,-13.7,-76.2167,71.65,68,0,9.22
196,Tevriz,RU,2022-04-03 17:58:44,57.509,72.4042,33.28,98,100,9.33
197,Roald,NO,2022-04-03 17:58:44,62.5833,6.1333,36.91,93,75,8.05
198,Beloha,MG,2022-04-03 17:58:45,-25.1667,45.05,72.34,86,1,9.86
199,Ulaanbaatar,MN,2022-04-03 17:58:45,47.9077,106.8832,21.33,42,0,0.0
200,Mildura,AU,2022-04-03 17:56:02,-34.2,142.15,55.36,76,18,3.44
201,Kaeo,NZ,2022-04-03 17:58:45,-35.1,173.7833,66.33,91,49,1.59
202,Cap-Aux-Meules,CA,2022-04-03 17:56:26,47.3821,-61.8597,33.85,75,20,18.41
203,Bongor,TD,2022-04-03 17:58:46,10.2806,15.3722,97.45,9,78,5.77
204,Naze,JP,2022-04-03 17:58:46,28.3667,129.4833,58.12,65,95,11.95
205,Ikungi,TZ,2022-04-03 17:58:47,-5.1333,34.7667,67.5,67,74,3.04
206,Jiaocheng,CN,2022-04-03 17:58:47,24.6774,116.1389,53.37,78,0,3.0
207,Ixtapa,MX,2022-04-03 17:58:15,20.7,-105.2,86.85,36,84,7.23
208,Mandurah,AU,2022-04-03 17:58:48,-32.55,115.7,68.92,85,91,18.34
209,Souillac,MU,2022-04-03 17:53:55,-20.5167,57.5167,79.18,78,75,10.36
210,Hobyo,SO,2022-04-03 17:58:48,5.3505,48.5268,82.02,73,10,9.24
211,Vangaindrano,MG,2022-04-03 17:58:49,-23.35,47.6,73.58,89,3,2.75
212,Charters Towers,AU,2022-04-03 17:58:49,-20.1,146.2667,73.92,88,96,7.36
213,Cabo San Lucas,MX,2022-04-03 17:57:47,22.8909,-109.9124,78.51,50,5,8.01
214,Aklavik,CA,2022-04-03 17:58:51,68.2191,-135.0107,-13.0,70,20,6.91
215,Taltal,CL,2022-04-03 17:58:51,-25.4,-70.4833,67.86,66,8,6.71
216,Inta,RU,2022-04-03 17:58:52,66.0317,60.1659,22.15,70,100,18.03
217,Erenhot,CN,2022-04-03 17:58:52,43.6475,111.9767,46.87,23,94,14.47
218,Arraial Do Cabo,BR,2022-04-03 17:56:34,-22.9661,-42.0278,84.16,74,40,9.22
219,Namibe,AO,2022-04-03 17:58:53,-15.1961,12.1522,72.23,73,100,19.57
220,Pueblo Nuevo,MX,2022-04-03 17:58:54,23.3833,-105.3833,76.28,13,35,8.55
221,Port-Gentil,GA,2022-04-03 17:58:54,-0.7193,8.7815,81.34,79,50,9.08
222,Talnakh,RU,2022-04-03 17:58:54,69.4865,88.3972,4.19,97,99,4.5
223,Kaitangata,NZ,2022-04-03 17:58:55,-46.2817,169.8464,46.08,95,68,5.35
224,Tura,IN,2022-04-03 17:58:55,25.5198,90.2201,70.99,91,6,6.53
225,Taiobeiras,BR,2022-04-03 17:58:56,-15.8078,-42.2331,86.9,28,0,9.22
226,Carbonia,IT,2022-04-03 17:58:56,39.1672,8.5222,53.01,63,100,4.85
227,San Cristobal,VE,2022-04-03 17:59:56,7.7669,-72.225,80.78,44,85,5.84
228,Esperance,AU,2022-04-03 17:59:57,-33.8667,121.9,64.24,90,100,7.4
229,Shubarshi,KZ,2022-04-03 17:59:57,48.5872,57.1869,49.05,66,89,13.27
230,Nishihara,JP,2022-04-03 17:59:58,26.1842,127.7558,63.68,77,95,14.97
231,Dali,CN,2022-04-03 17:59:58,25.7,100.1833,53.47,77,72,3.71
232,Korla,CN,2022-04-03 17:59:59,41.7597,86.1469,58.71,23,0,2.48
233,Ostrovnoy,RU,2022-04-03 18:00:00,68.0531,39.5131,18.03,90,100,8.99
234,Camacha,PT,2022-04-03 17:59:04,33.0833,-16.3333,56.62,94,75,13.8
235,Enumclaw,US,2022-04-03 17:58:02,47.2043,-121.9915,50.86,76,100,7.0
236,Paamiut,GL,2022-04-03 18:00:01,61.994,-49.6678,35.2,81,90,9.13
237,Porosozero,RU,2022-04-03 18:00:03,62.7191,32.727,20.48,97,98,3.78
238,Asyut,EG,2022-04-03 18:00:05,27.181,31.1837,85.28,10,100,10.83
239,Pevek,RU,2022-04-03 18:00:08,69.7008,170.3133,-22.04,96,24,2.98
240,Bykovo,RU,2022-04-03 18:00:09,55.6361,38.0803,33.53,55,0,6.71
241,Mbaiki,CF,2022-04-03 18:00:10,3.8678,17.9892,77.97,66,99,2.42
242,Kankaanpaa,FI,2022-04-03 18:00:11,61.8,22.4167,32.76,92,100,4.72
243,Gorin,RU,2022-04-03 18:00:11,51.1983,136.6669,31.23,92,100,5.99
244,Manakara,MG,2022-04-03 18:00:12,-22.1333,48.0167,74.07,88,1,4.34
245,Wuan,CN,2022-04-03 18:00:13,31.6836,112.0044,56.73,74,100,7.38
246,Villafranca De Los Barros,ES,2022-04-03 18:00:13,38.5614,-6.3381,52.86,31,78,15.46
247,Maniwaki,CA,2022-04-03 17:58:53,46.3834,-75.966,37.78,81,100,4.61
248,Mahibadhoo,MV,2022-04-03 18:00:14,3.7833,72.9667,83.1,68,6,2.46
249,Satwas,IN,2022-04-03 18:00:14,22.5333,76.6833,88.9,16,1,4.97
250,Gull Lake,CA,2022-04-03 18:00:15,50.1001,-108.4847,44.74,36,0,4.88
251,Bonga,ET,2022-04-03 18:00:16,7.2833,36.2333,64.44,78,90,1.36
252,College,US,2022-04-03 18:00:16,64.8569,-147.8028,16.29,70,100,3.33
253,Matara,LK,2022-04-03 18:00:17,5.9485,80.5353,77.76,85,7,2.93
254,Tambura,SS,2022-04-03 18:00:17,5.6,27.4667,74.01,76,72,3.96
255,Cherskiy,RU,2022-04-03 18:00:18,68.75,161.3,-4.14,99,100,3.71
256,Thurso,GB,2022-04-03 18:00:18,58.5927,-3.5259,48.45,89,100,30.62
257,Hovd,MN,2022-04-03 18:00:19,48.0056,91.6419,42.76,31,58,5.68
258,Longyearbyen,SJ,2022-04-03 18:00:19,78.2186,15.6401,8.44,56,20,20.71
259,Margate,GB,2022-04-03 18:00:20,51.3813,1.3862,46.87,47,35,1.99
260,Touros,BR,2022-04-03 18:00:21,-5.1989,-35.4608,81.75,79,95,13.29
261,Clyde River,CA,2022-04-03 17:59:05,70.4692,-68.5914,12.43,92,20,4.61
262,Mamlyutka,KZ,2022-04-03 18:00:21,54.9375,68.5394,38.55,86,100,11.63
263,Beaufort,MY,2022-04-03 18:00:22,5.3473,115.7455,74.73,93,75,2.08
264,Sola,VU,2022-04-03 18:00:22,-13.8833,167.55,78.4,77,100,6.44
265,Snezhnogorsk,RU,2022-04-03 18:00:23,69.1933,33.2531,20.98,91,100,4.5
266,Saskylakh,RU,2022-04-03 18:00:23,71.9167,114.0833,-6.86,98,100,9.86
267,Bilma,NE,2022-04-03 18:00:23,18.6853,12.9164,90.61,4,99,6.58
268,Asau,RO,2022-04-03 18:00:24,46.4333,26.4,33.28,91,100,2.24
269,Torbay,CA,2022-04-03 18:00:24,47.6666,-52.7314,42.39,75,91,10.0
270,Saint-Joseph,RE,2022-04-03 18:00:25,-21.3667,55.6167,73.78,88,96,14.63
271,San Patricio,US,2022-04-03 18:00:25,28.017,-97.5169,83.16,44,0,12.35
272,Cidreira,BR,2022-04-03 18:00:26,-30.1811,-50.2056,68.81,96,100,14.9
273,Norman Wells,CA,2022-04-03 18:01:26,65.282,-126.8329,0.03,91,100,4.99
274,Vardo,NO,2022-04-03 18:01:27,70.3705,31.1107,26.58,93,75,10.36
275,Bubaque,GW,2022-04-03 18:01:27,11.2833,-15.8333,75.13,74,100,21.0
276,Olafsvik,IS,2022-04-03 18:01:28,64.8945,-23.7142,40.86,90,100,3.8
277,Maragheh,IR,2022-04-03 18:01:28,37.3917,46.2398,60.96,35,15,0.87
278,Sorong,ID,2022-04-03 18:01:29,-0.8833,131.25,78.55,86,66,6.69
279,Alekseyevsk,RU,2022-04-03 18:01:29,57.8406,108.3492,6.39,98,94,3.33
280,Puerto El Triunfo,SV,2022-04-03 18:01:30,13.2833,-88.55,88.18,56,17,12.75
281,Togur,RU,2022-04-03 18:01:30,58.3631,82.8265,15.64,92,98,6.4
282,Bambous Virieux,MU,2022-04-03 18:01:30,-20.3428,57.7575,78.22,78,56,13.76
283,Punta Cardon,VE,2022-04-03 18:01:31,11.6581,-70.215,83.16,67,50,26.62
284,Tabuk,PH,2022-04-03 18:01:32,17.4189,121.4443,71.94,95,98,3.8
285,Saint-Augustin,CA,2022-04-03 18:01:32,51.226,-58.6502,36.09,99,98,18.19
286,Nogliki,RU,2022-04-03 18:01:32,51.8333,143.1667,36.23,74,100,14.45
287,Lhokseumawe,ID,2022-04-03 18:01:33,5.1801,97.1507,77.23,83,100,3.02
288,Dingle,PH,2022-04-03 18:01:33,10.9995,122.6711,75.81,87,71,7.07
289,Nioro,GM,2022-04-03 18:01:34,13.35,-15.75,95.68,18,76,10.56
290,Pacific Grove,US,2022-04-03 18:01:35,36.6177,-121.9166,61.34,82,72,7.0
291,Virginia Beach,US,2022-04-03 18:01:35,36.8529,-75.978,71.06,36,13,14.03
292,Rafai,CF,2022-04-03 18:01:36,4.95,23.9167,78.37,55,81,2.59
293,Waw,SS,2022-04-03 18:01:37,7.7029,27.9953,83.86,47,91,2.8
294,Ilulissat,GL,2022-04-03 18:01:37,69.2167,-51.1,30.22,80,75,4.61
295,Puerto Carreno,CO,2022-04-03 18:01:38,6.189,-67.4859,91.11,49,87,9.37
296,Smithers,CA,2022-04-03 18:01:38,54.7804,-127.1743,40.96,41,80,5.99
297,Qaqortoq,GL,2022-04-03 18:01:39,60.7167,-46.0333,42.26,68,99,2.3
298,Zyryanka,RU,2022-04-03 18:01:39,65.75,150.85,-21.5,100,44,2.35
299,Wahpeton,US,2022-04-03 18:01:39,46.2652,-96.6059,34.93,80,20,10.36
300,Kruisfontein,ZA,2022-04-03 18:01:40,-34.0033,24.7314,62.89,83,89,2.06
301,Krasnoselkup,RU,2022-04-03 18:01:40,65.7,82.4667,-1.41,100,69,5.55
302,Victoria,HK,2022-04-03 17:58:24,22.2855,114.1577,65.32,71,0,11.01
303,Chifeng,CN,2022-04-03 18:01:41,42.2683,118.9636,52.39,25,34,19.8
304,Zenzeli,RU,2022-04-03 18:01:41,45.9241,47.0474,63.95,46,90,8.52
305,Menongue,AO,2022-04-03 18:01:42,-14.6585,17.691,64.09,95,62,5.26
306,Quzhou,CN,2022-04-03 18:01:42,28.9594,118.8686,47.97,79,7,5.73
307,Samfya,ZM,2022-04-03 18:01:43,-11.3649,29.5565,68.2,83,24,2.8
308,San Martin,AR,2022-04-03 18:01:43,-33.081,-68.4681,66.56,28,36,13.2
309,Makakilo City,US,2022-04-03 18:01:43,21.3469,-158.0858,76.19,64,20,13.8
310,Port Macquarie,AU,2022-04-03 17:58:58,-31.4333,152.9167,62.89,79,99,13.67
311,Brigantine,US,2022-04-03 18:01:44,39.4101,-74.3646,58.03,77,100,4.61
312,Yakima,US,2022-04-03 18:00:07,46.4665,-120.6678,51.69,55,88,1.99
313,Sisimiut,GL,2022-04-03 18:01:45,66.9395,-53.6735,35.02,88,56,0.76
314,Carauari,BR,2022-04-03 18:01:43,-4.8828,-66.8958,83.93,65,91,0.83
315,Batagay,RU,2022-04-03 18:01:45,67.6333,134.6333,-12.24,100,78,1.57
316,Santa Cruz,BO,2022-04-03 18:01:45,-17.8,-63.1667,83.89,48,1,16.71
317,Flin Flon,CA,2022-04-03 18:00:26,54.7682,-101.865,34.03,74,100,7.34
318,Mmabatho,ZA,2022-04-03 18:01:08,-25.85,25.6333,66.2,69,89,5.59
319,Faya,SA,2022-04-03 18:02:46,18.3851,42.4509,66.4,19,5,4.94
320,Linkoping,SE,2022-04-03 18:02:46,58.4109,15.6216,42.78,45,40,10.36
321,Usinsk,RU,2022-04-03 18:02:47,65.9939,57.5281,18.95,86,100,10.85
322,Sao Francisco,BR,2022-04-03 18:02:47,-15.9486,-44.8644,94.71,24,2,8.01
323,Kawalu,ID,2022-04-03 18:02:48,-7.3817,108.2082,72.07,97,100,1.99
324,Saldanha,ZA,2022-04-03 18:02:48,-33.0117,17.9442,62.6,78,0,5.17
325,Ondjiva,AO,2022-04-03 18:02:48,-17.0667,15.7333,69.17,84,100,6.96
326,Bathsheba,BB,2022-04-03 18:02:49,13.2167,-59.5167,80.62,65,71,15.41
327,Bull Savanna,JM,2022-04-03 18:02:50,17.8868,-77.5902,83.62,58,4,15.52
328,Ginda,IN,2022-04-03 18:02:50,30.6945,78.4932,55.44,24,13,8.61
329,Honningsvag,NO,2022-04-03 18:02:50,70.9821,25.9704,28.15,64,40,17.27
330,Merauke,ID,2022-04-03 18:02:51,-8.4667,140.3333,77.7,83,83,6.98
331,Rivadavia,AR,2022-04-03 18:02:51,-33.1905,-68.4608,66.25,27,28,13.38
332,Brazzaville,CG,2022-04-03 18:00:10,-4.2658,15.2832,80.33,71,99,2.17
333,Gwadar,PK,2022-04-03 18:02:52,25.1216,62.3254,78.28,67,10,5.01
334,Corinto,GR,2022-04-03 18:02:52,37.9407,22.9573,59.41,65,44,3.0
335,Goldap,PL,2022-04-03 18:02:52,54.3063,22.3036,29.3,66,45,4.12
336,Sembe,CG,2022-04-03 17:59:11,1.6481,14.5806,72.37,92,91,2.68
337,Dunedin,NZ,2022-04-03 18:01:30,-45.8742,170.5036,49.6,90,57,3.83
338,Cayenne,GF,2022-04-03 18:00:05,4.9333,-52.3333,84.09,1,100,10.36
339,Batticaloa,LK,2022-04-03 18:02:53,7.7102,81.6924,80.08,79,4,5.41
340,Goundam,ML,2022-04-03 18:02:54,16.4145,-3.6708,97.14,8,77,4.07
341,Moyale,KE,2022-04-03 18:02:54,3.5167,39.0584,75.83,38,97,9.33
342,Batemans Bay,AU,2022-04-03 18:02:54,-35.7167,150.1833,63.1,63,49,7.25
343,Hidalgo,MX,2022-04-03 18:01:17,20.5,-99.0,77.81,32,95,4.34
344,Catamarca,AR,2022-04-03 18:00:49,-28.4696,-65.7852,84.58,33,0,10.0
345,Puerto Colombia,CO,2022-04-03 18:02:55,10.9878,-74.9547,81.88,74,66,21.41
346,Yushu,CN,2022-04-03 18:02:55,44.8,126.5333,48.76,34,0,22.68
347,Khawhai,IN,2022-04-03 18:02:56,23.3667,93.1167,57.87,90,57,2.73
348,Cody,US,2022-04-03 18:02:56,44.5263,-109.0565,49.59,13,0,8.05
349,Karratha,AU,2022-04-03 18:02:56,-20.7377,116.8463,81.66,71,0,11.21
350,Komsomolskiy,UZ,2022-04-03 18:02:57,40.4272,71.7189,64.31,36,21,4.32
351,Sao Filipe,CV,2022-04-03 18:02:57,14.8961,-24.4956,71.15,77,23,12.48
352,Shache,CN,2022-04-03 18:02:58,38.4167,77.2406,63.37,16,96,5.39
353,Balykshi,KZ,2022-04-03 18:02:58,47.0667,51.8667,55.4,58,0,0.0
354,Shenjiamen,CN,2022-04-03 18:02:59,29.9576,122.298,50.43,63,1,6.2
355,Taganak,PH,2022-04-03 18:02:59,6.0833,118.3,82.04,76,69,5.75
356,Belmonte,BR,2022-04-03 18:03:00,-15.8631,-38.8828,83.66,63,5,8.12
357,Severnyy-Kospashskiy,RU,2022-04-03 18:03:00,59.0925,57.8008,39.6,98,100,12.71
358,Constitucion,CL,2022-04-03 18:03:00,-35.3333,-72.4167,62.91,42,1,19.71
359,Srednekolymsk,RU,2022-04-03 18:03:01,67.45,153.6833,-20.88,100,78,2.35
360,Vostok,RU,2022-04-03 18:03:01,46.4856,135.8833,28.2,82,0,7.05
361,Pafos,CY,2022-04-03 18:02:01,34.7667,32.4167,62.38,48,96,6.91
362,Samarai,PG,2022-04-03 18:03:03,-10.6167,150.6667,80.71,76,96,9.4
363,Svetlaya,RU,2022-04-03 18:03:03,46.5389,138.3297,36.07,79,0,8.05
364,Sambava,MG,2022-04-03 18:03:04,-14.2667,50.1667,78.37,89,72,14.85
365,Geraldton,AU,2022-04-03 18:03:04,-28.7667,114.6,72.01,88,75,17.27
366,Bayshore Gardens,US,2022-04-03 18:03:04,27.4253,-82.5904,78.15,64,100,5.75
367,Sindor,RU,2022-04-03 18:03:05,62.8629,51.8905,23.41,95,100,9.62
368,Shiliguri,IN,2022-04-03 18:04:05,26.7,88.4333,75.49,75,50,4.7
369,Mbandaka,CD,2022-04-03 18:04:05,0.0487,18.2603,72.79,88,98,3.06
370,Salto,UY,2022-04-03 17:59:38,-31.3833,-57.9667,66.36,94,100,8.05
371,Aykhal,RU,2022-04-03 18:04:06,66.0,111.5,4.66,98,100,7.99
372,Lagoa,PT,2022-04-03 18:04:06,39.05,-27.9833,59.13,80,4,18.05
373,Port Hardy,CA,2022-04-03 18:04:07,50.6996,-127.4199,40.41,87,78,2.1
374,Omboue,GA,2022-04-03 18:04:08,-1.5746,9.2618,78.48,85,71,5.3
375,Oranjestad,AW,2022-04-03 18:04:08,12.524,-70.027,78.37,86,87,23.0
376,Naryan-Mar,RU,2022-04-03 18:04:08,67.6713,53.087,10.42,94,72,9.48
377,Kizukuri,JP,2022-04-03 18:04:09,40.8061,140.3861,37.9,71,0,3.2
378,Yarim,YE,2022-04-03 18:04:09,14.298,44.3779,60.28,32,48,2.62
379,Ribas Do Rio Pardo,BR,2022-04-03 18:04:11,-20.4431,-53.7592,89.64,46,10,7.16
380,Oga,IT,2022-04-03 18:04:13,46.4631,10.347,30.96,96,100,0.96
381,Itarema,BR,2022-04-03 18:04:13,-2.9248,-39.9167,82.44,78,37,12.24
382,Benguela,AO,2022-04-03 18:00:33,-12.5763,13.4055,77.34,82,87,5.48
383,Yatou,CN,2022-04-03 18:04:14,37.15,122.3833,43.41,79,0,8.08
384,Ulaangom,MN,2022-04-03 18:04:14,49.9811,92.0667,19.92,89,100,3.2
385,Kayakent,RU,2022-04-03 18:04:15,42.3874,47.903,61.09,46,100,4.0
386,Huarmey,PE,2022-04-03 18:04:16,-10.0681,-78.1522,75.34,72,53,11.61
387,Parana,AR,2022-04-03 18:01:52,-31.732,-60.5238,76.51,63,96,2.68
388,Skoghall,SE,2022-04-03 18:04:16,59.3232,13.4655,39.76,65,40,9.22
389,Klamath Falls,US,2022-04-03 18:00:01,42.2249,-121.7817,48.87,46,89,4.0
390,Hellendoorn,NL,2022-04-03 18:04:17,52.3902,6.448,43.09,69,85,8.1
391,Pueblo,US,2022-04-03 18:02:02,38.2545,-104.6091,62.78,28,100,5.99
392,Williams Lake,CA,2022-04-03 18:04:17,52.1415,-122.1445,48.06,45,57,8.01
393,Abha,SA,2022-04-03 18:02:57,18.2164,42.5053,66.34,23,6,2.28
394,Horki,BY,2022-04-03 18:04:18,54.2861,30.9842,28.53,82,100,7.29
395,Kyra,RU,2022-04-03 18:04:18,49.5776,111.9753,28.26,73,72,2.21
396,Mabaruma,GY,2022-04-03 18:04:19,8.2,-59.7833,84.42,60,90,7.96
397,Pangai,TO,2022-04-03 18:04:19,-19.8,-174.35,81.41,72,7,8.86
398,San Blas,MX,2022-04-03 18:04:20,21.5167,-105.2667,94.89,60,67,7.49
399,Cariati,IT,2022-04-03 18:04:20,39.4922,16.9594,52.97,60,97,5.55
400,Sungaipenuh,ID,2022-04-03 18:04:21,-2.0833,101.3833,62.44,90,74,1.97
401,Hamilton,US,2022-04-03 18:04:01,39.1834,-84.5333,54.64,55,40,6.91
402,Mount Gambier,AU,2022-04-03 18:00:32,-37.8333,140.7667,46.31,100,25,2.3
403,Roswell,US,2022-04-03 18:04:21,34.0232,-84.3616,68.97,28,0,14.97
404,Mehamn,NO,2022-04-03 18:03:23,71.0357,27.8492,26.55,54,40,16.11
405,Richmond,US,2022-04-03 18:02:42,37.5538,-77.4603,67.87,19,20,23.02
406,Sacosu Turcesc,RO,2022-04-03 18:04:22,45.6519,21.4289,37.9,92,40,4.61
407,San Pedro De Macoris,DO,2022-04-03 18:00:19,18.4616,-69.2972,82.94,64,22,15.1
408,Eyrarbakki,IS,2022-04-03 18:04:23,63.863,-21.1481,39.2,83,100,14.34
409,Bilibino,RU,2022-04-03 18:04:23,68.0546,166.4372,-12.42,97,89,5.37
410,Bollnas,SE,2022-04-03 18:04:24,61.3482,16.3946,34.74,81,100,4.7
411,Cananeia,BR,2022-04-03 18:04:24,-25.0147,-47.9267,74.64,84,97,3.4
412,Lukulu,ZM,2022-04-03 18:04:25,-14.3707,23.242,71.06,80,94,4.45
413,Aksu,CN,2022-04-03 18:05:25,41.1231,80.2644,60.26,27,0,4.29
414,Adrar,MR,2022-04-03 18:05:25,20.5022,-10.0711,91.96,9,0,14.5
415,Denpasar,ID,2022-04-03 18:05:26,-8.65,115.2167,77.09,87,64,3.09
416,Kununurra,AU,2022-04-03 18:05:26,-15.7667,128.7333,66.18,94,11,4.61
417,Baraki Barak,AF,2022-04-03 18:05:27,33.9675,68.9486,60.22,17,0,2.04
418,Pontian Kecil,MY,2022-04-03 18:05:27,1.4801,103.3899,77.59,87,84,4.34
419,Aleksandrov Gay,RU,2022-04-03 18:05:27,50.147,48.5704,55.98,60,100,10.29
420,Serov,RU,2022-04-03 18:05:28,59.6033,60.5787,36.66,99,100,10.2
421,Tual,ID,2022-04-03 18:05:28,-5.6667,132.75,81.9,67,30,4.61
422,Kenai,US,2022-04-03 18:01:05,60.5544,-151.2583,34.14,71,100,8.25
423,Olavarria,AR,2022-04-03 18:05:29,-36.8927,-60.3225,62.02,69,64,15.48
424,Boa Vista,BR,2022-04-03 18:05:29,2.8197,-60.6733,82.38,69,100,8.05
425,Davila,PH,2022-04-03 18:05:29,18.4726,120.5763,76.69,85,89,30.65
426,Diapaga,BF,2022-04-03 18:05:30,12.0708,1.7889,99.45,18,96,4.29
427,San Carlos,VE,2022-04-03 18:05:30,9.6612,-68.5827,93.15,35,81,6.33
428,Nelson Bay,AU,2022-04-03 18:05:31,-32.7167,152.15,64.0,91,100,6.4
429,Garmsar,IR,2022-04-03 18:05:31,35.2182,52.3409,75.67,16,0,3.2
430,Sur,OM,2022-04-03 18:05:31,22.5667,59.5289,82.56,50,3,7.27
431,Shu,KZ,2022-04-03 18:05:32,43.5983,73.7614,54.99,53,1,5.01
432,Marzuq,YE,2022-04-03 18:05:32,14.4,46.4667,72.03,33,1,6.62
433,Turukhansk,RU,2022-04-03 18:05:33,65.8167,87.9833,-3.55,100,22,3.56
434,Sabang,ID,2022-04-03 18:05:33,5.8933,95.3214,80.4,78,100,10.76
435,Vestmanna,FO,2022-04-03 18:05:33,62.1564,-7.1664,45.52,93,100,20.71
436,Luderitz,NA,2022-04-03 18:03:40,-26.6481,15.1594,61.39,89,0,7.58
437,Manzhouli,CN,2022-04-03 18:05:34,49.6,117.4333,35.01,37,56,16.24
438,Lyambir,RU,2022-04-03 18:03:23,54.2817,45.1249,31.75,93,100,9.98
439,Ouesso,CG,2022-04-03 18:05:35,1.6136,16.0517,74.77,84,81,2.93
440,Alofi,NU,2022-04-03 18:05:35,-19.0595,-169.9187,80.04,72,82,10.67
441,Eufaula,US,2022-04-03 18:05:36,31.8913,-85.1455,73.85,36,0,7.36
442,Tutoia,BR,2022-04-03 18:05:36,-2.7619,-42.2744,82.22,82,74,7.92
443,Tuljapur,IN,2022-04-03 18:05:36,18.0,76.0833,93.94,17,91,5.3
444,San Juan De La Maguana,DO,2022-04-03 18:05:37,18.8059,-71.2299,87.55,42,8,11.9
445,Sulangan,PH,2022-04-03 18:05:37,11.1373,123.7228,80.74,82,61,20.15
446,Salekhard,RU,2022-04-03 18:05:37,66.53,66.6019,9.27,91,82,7.96
447,Lentekhi,GE,2022-04-03 18:05:38,42.7856,42.7261,50.09,92,98,4.85
448,Balikpapan,ID,2022-04-03 18:03:02,-1.2675,116.8289,74.39,100,20,2.3
449,Sheregesh,RU,2022-04-03 18:05:38,52.9209,87.9869,36.68,98,100,6.04
450,Kamir,PK,2022-04-03 18:05:39,30.4333,73.05,77.77,8,36,7.29
451,Gigmoto,PH,2022-04-03 18:05:39,13.7796,124.39,78.37,85,40,11.86
452,Bucerias,MX,2022-04-03 18:05:39,20.75,-105.3333,76.98,61,40,10.36
453,Douentza,ML,2022-04-03 18:05:40,14.9951,-2.9517,99.1,6,15,6.51
454,Sorland,NO,2022-04-03 18:05:40,67.667,12.6934,33.66,63,90,17.6
455,Ulladulla,AU,2022-04-03 18:05:41,-35.35,150.4667,61.14,64,16,8.08
456,Helena,US,2022-04-03 18:02:19,46.5927,-112.0361,49.35,29,0,11.5
457,Huanuco,PE,2022-04-03 18:05:41,-9.9329,-76.2415,75.9,60,73,7.76
458,Ahipara,NZ,2022-04-03 18:01:37,-35.1667,173.1667,61.86,92,7,2.59
459,Chiang Klang,TH,2022-04-03 18:05:42,19.2938,100.8617,68.77,71,50,1.41
460,Walvis Bay,NA,2022-04-03 18:06:43,-22.9575,14.5053,59.09,77,12,12.24
461,Solnechnyy,RU,2022-04-03 18:06:43,50.7214,136.6319,34.36,82,100,7.83
462,Fukue,JP,2022-04-03 18:03:14,32.6881,128.8419,55.44,56,0,17.78
463,Maldonado,UY,2022-04-03 18:02:00,-34.6667,-54.9167,74.23,51,94,13.4
464,Agbor,NG,2022-04-03 18:06:44,6.2518,6.1934,84.33,64,100,8.32
465,Cassilandia,BR,2022-04-03 18:06:44,-19.1133,-51.7342,87.64,50,3,4.76
466,Tagusao,PH,2022-04-03 18:06:45,9.1924,117.8141,79.29,81,100,1.99
467,Hudesti,RO,2022-04-03 18:06:45,48.15,26.5,33.6,80,100,14.76
468,Roros,NO,2022-04-03 18:05:14,62.5747,11.3842,26.44,74,100,8.05
469,North Bend,US,2022-04-03 18:06:45,43.4065,-124.2243,54.25,82,100,6.91
470,Burns Lake,CA,2022-04-03 18:06:46,54.2331,-125.7533,36.34,69,83,4.88
471,Kikwit,CD,2022-04-03 18:06:46,-5.041,18.8162,74.75,85,78,4.09
472,Tchaourou,BJ,2022-04-03 18:06:47,8.8865,2.5975,92.89,29,64,3.49
473,Kantunilkin,MX,2022-04-03 18:06:47,21.0917,-87.45,96.42,31,18,7.02
474,Panaba,MX,2022-04-03 18:06:47,21.2833,-88.2667,97.97,27,6,8.34
475,Glenwood Springs,US,2022-04-03 18:02:44,39.5505,-107.3248,45.52,89,100,5.75
476,Turayf,SA,2022-04-03 18:06:48,31.6725,38.6637,74.79,12,74,10.56
477,Sosua,DO,2022-04-03 18:06:48,19.7667,-70.5167,89.58,66,20,13.8
478,Severnoye,RU,2022-04-03 18:06:49,56.3491,78.3619,32.76,98,100,8.39
479,Chirongui,YT,2022-04-03 18:06:49,-12.9319,45.1483,82.33,75,8,10.25
480,Copiapo,CL,2022-04-03 18:06:49,-27.3667,-70.3333,80.02,32,0,9.31
481,Broken Hill,AU,2022-04-03 18:06:50,-31.95,141.4333,59.18,60,0,4.79
482,Puerto Quijarro,BO,2022-04-03 18:06:50,-17.7833,-57.7667,93.11,42,22,7.02
483,Baoying,CN,2022-04-03 18:06:50,33.2292,119.3092,42.01,76,3,7.52
484,Hilton Head Island,US,2022-04-03 18:04:58,32.2163,-80.7526,75.99,42,0,13.8
485,Esna,EG,2022-04-03 18:05:47,25.2934,32.554,91.35,8,100,8.21
486,Cockburn Town,TC,2022-04-03 18:06:51,21.4612,-71.1419,82.36,69,40,17.27
487,Los Llanos De Aridane,ES,2022-04-03 18:06:51,28.6585,-17.9182,65.95,82,20,14.97
488,Port Lincoln,AU,2022-04-03 18:06:52,-34.7333,135.8667,59.85,82,18,1.36
489,Conceicao Da Barra,BR,2022-04-03 18:06:52,-18.5933,-39.7322,84.13,60,2,7.31
490,Skelleftea,SE,2022-04-03 18:06:53,64.7507,20.9528,30.56,59,0,5.75
491,Whitehorse,CA,2022-04-03 18:01:55,60.7161,-135.0538,34.11,72,88,8.01
492,Buritizeiro,BR,2022-04-03 18:06:55,-17.3511,-44.9622,93.94,24,0,8.79
493,Lorengau,PG,2022-04-03 18:03:42,-2.0226,147.2712,79.75,78,95,1.12
494,Preobrazheniye,RU,2022-04-03 18:06:56,42.9019,133.9064,37.04,86,1,7.67
495,Sal Rei,CV,2022-04-03 18:05:20,16.1833,-22.9167,73.6,64,40,10.36
496,Upata,VE,2022-04-03 18:06:56,8.0086,-62.3989,85.28,50,88,6.85
497,Umm Lajj,SA,2022-04-03 18:06:57,25.0213,37.2685,81.63,42,100,7.78
498,Pucallpa,PE,2022-04-03 18:06:58,-8.3791,-74.5539,82.44,61,75,5.75
499,Boende,CD,2022-04-03 18:06:58,-0.2167,20.8667,75.02,78,95,1.61
500,Griffith,US,2022-04-03 18:06:59,41.5284,-87.4237,50.09,72,75,1.01
501,Ottawa,CA,2022-04-03 18:03:05,45.4112,-75.6981,45.66,55,100,5.01
502,Kendari,ID,2022-04-03 18:06:59,-3.945,122.4989,74.48,94,79,3.8
503,Morondava,MG,2022-04-03 18:07:00,-20.2833,44.2833,81.46,69,2,12.03
504,Matagami,CA,2022-04-03 18:02:34,49.7502,-77.6328,35.74,89,100,4.5
505,Thunder Bay,CA,2022-04-03 18:07:00,48.4001,-89.3168,35.15,89,100,3.11
506,Yulara,AU,2022-04-03 18:07:02,-25.2406,130.9889,61.63,31,0,8.46
507,Alwar,IN,2022-04-03 18:06:01,27.5667,76.6,82.18,5,1,4.88
508,Manchester,GB,2022-04-03 18:05:38,53.4809,-2.2374,47.37,64,93,12.66
509,Kembe,CF,2022-04-03 18:08:03,4.6228,21.8865,77.0,57,82,2.59
510,Yeniseysk,RU,2022-04-03 18:08:03,58.4497,92.1703,11.66,97,57,1.43
511,Richards Bay,ZA,2022-04-03 18:05:45,-28.783,32.0377,74.03,93,98,7.29
512,Kosovska Mitrovica,XK,2022-04-03 18:08:04,42.8833,20.8667,35.94,95,100,3.74
513,Baykit,RU,2022-04-03 18:08:05,61.67,96.37,1.54,100,66,3.18
514,Libreville,GA,2022-04-03 18:08:05,0.3925,9.4537,79.86,79,79,9.82
515,Taoudenni,ML,2022-04-03 18:08:05,22.6783,-3.9836,98.76,7,0,17.18
516,Hokitika,NZ,2022-04-03 18:08:06,-42.7167,170.9667,52.97,85,23,4.14
517,Shimoda,JP,2022-04-03 18:08:06,34.6667,138.95,49.1,92,100,18.86
518,Bisira,PA,2022-04-03 18:08:07,8.5196,-81.7115,75.81,47,42,4.38
519,Nemuro,JP,2022-04-03 18:08:07,43.3236,145.575,35.33,83,0,14.9
520,Bareli,IN,2022-04-03 18:08:08,28.35,79.4167,78.53,6,3,6.26
521,Pedernales,DO,2022-04-03 18:08:08,18.0384,-71.744,83.95,61,8,6.13
522,Katsina,NG,2022-04-03 18:08:08,12.9894,7.6006,88.95,8,66,1.95
523,Aloleng,PH,2022-04-03 18:08:09,16.1307,119.7824,79.0,70,87,8.61
524,Karacabey,TR,2022-04-03 18:04:33,40.2152,28.4038,53.98,54,65,3.38
525,Anadyr,RU,2022-04-03 18:08:09,64.75,177.4833,-20.45,97,76,7.36
526,Altamira,BR,2022-04-03 18:08:10,-3.2033,-52.2064,83.79,82,94,2.77
527,Sao Joao Da Barra,BR,2022-04-03 18:08:10,-21.6403,-41.0511,78.89,77,21,11.9
528,Bundaberg,AU,2022-04-03 18:08:10,-24.85,152.35,67.21,97,2,8.05
529,Rabo De Peixe,PT,2022-04-03 18:08:11,37.8,-25.5833,62.11,67,20,14.97
530,Aksarka,RU,2022-04-03 18:08:11,66.5606,67.7975,7.63,90,86,7.31
531,Itaituba,BR,2022-04-03 18:08:11,-4.2761,-55.9836,81.27,79,100,2.64
532,Gamba,GA,2022-04-03 18:08:12,-2.65,10.0,78.4,91,99,5.35
533,Chuguyevka,RU,2022-04-03 18:08:12,44.1653,133.8633,32.31,70,0,5.3
534,Maraa,BR,2022-04-03 18:08:13,-1.8333,-65.3667,82.08,86,94,2.59
535,Chengde,CN,2022-04-03 18:07:59,40.9725,117.9361,44.51,43,0,1.95
536,Chai Badan,TH,2022-04-03 18:08:13,15.2,101.1333,73.26,56,96,13.24
537,Sechura,PE,2022-04-03 18:08:13,-5.5569,-80.8222,83.05,55,75,8.63
538,Ushtobe,KZ,2022-04-03 18:08:14,45.2514,77.9838,55.67,39,11,9.4
539,Poya,NC,2022-04-03 18:08:14,-21.35,165.15,78.46,90,100,5.28
540,Sao Miguel Do Araguaia,BR,2022-04-03 18:08:15,-13.275,-50.1628,87.17,44,43,6.33
541,Yemelyanovo,RU,2022-04-03 18:08:15,56.1681,92.6767,27.41,93,0,0.0
542,Genhe,CN,2022-04-03 18:08:16,50.7833,121.5167,31.12,75,31,10.49
543,Lata,PT,2022-04-03 18:08:16,40.1629,-8.3327,57.92,31,14,8.25
544,Laguna,US,2022-04-03 18:08:16,38.421,-121.4238,75.02,33,0,8.05
545,Iranshahr,IR,2022-04-03 18:08:17,27.2025,60.6848,83.26,14,7,0.38
546,Sturgeon Bay,US,2022-04-03 18:05:11,44.8342,-87.377,42.76,70,100,8.05
547,Tukrah,LY,2022-04-03 18:08:17,32.5341,20.5791,61.99,68,1,21.52
548,Palmer,US,2022-04-03 18:08:18,42.1584,-72.3287,53.47,39,100,12.66
549,Shestakovo,RU,2022-04-03 18:08:18,56.4915,103.96,9.19,97,39,2.19
550,Santa Maria,BR,2022-04-03 18:04:25,-29.6842,-53.8069,63.7,94,100,8.05
551,Arys,KZ,2022-04-03 18:08:19,42.4252,68.795,61.14,43,100,6.51
552,Manadhoo,MV,2022-04-03 18:08:19,5.7667,73.3833,83.41,68,9,3.49
553,Acayucan,MX,2022-04-03 18:09:19,17.95,-94.9167,77.74,42,36,4.36
554,Inhambane,MZ,2022-04-03 18:09:20,-23.865,35.3833,77.83,71,7,11.68
555,Rajsamand,IN,2022-04-03 18:09:20,25.0667,73.8833,82.67,11,0,7.94
556,Yumen,CN,2022-04-03 18:09:21,40.2833,97.2,46.72,23,4,14.09
557,Angoram,PG,2022-04-03 18:09:21,-4.0625,144.0661,74.26,98,100,1.88
558,Kenora,CA,2022-04-03 18:09:22,49.8167,-94.4337,33.78,64,97,2.86
559,Thinadhoo,MV,2022-04-03 18:09:22,0.5333,72.9333,83.28,66,37,2.84
560,Antalaha,MG,2022-04-03 18:09:22,-14.9003,50.2788,76.46,85,52,9.1
561,Piacabucu,BR,2022-04-03 18:09:23,-10.4056,-36.4344,83.52,66,66,10.78
562,Camalu,MX,2022-04-03 18:09:23,30.85,-116.0667,63.88,65,99,5.84
